[
    {
        "nome": "Arroz de Couve-Flor",
        "ingredientes": [
            "Arroz",
            "Couve-Flor",
            "Cebola Média",
            "Azeite"
        ],
        "preparo": "Deixe a couve-flor picada. Adicione os igredientes e refogue bem. Adicione sal, tampe a panela e deixe cozinhar.",
        "imagem": "./imagens/arrozcouveflor.jpg",
        "alt":"Imagem de um arroz com couve-flor."
    },
    {
        "nome": "Bolo de Café",
        "ingredientes": [
            "Farinha de Trigo",
            "Açucar",
            "Café Coado",
            "Chocolate em Pó",
            "Ovos"
        ],
        "preparo": "Bata o açúcar, as gemas e o café. Adicione farinha e chocolate e mexa bem. Bata as claras e junte à mistura.",
        "imagem": "./imagens/bolo-de-chocolate.jpg",
        "alt": "Imagem de um bolo de café com cobertura."
    },
    {
        "nome": "Coxinha de Brigadeiro",
        "ingredientes": [
            "Leite Condensado",
            "Chocolate em Pó",
            "Manteiga",
            "Morango",
            "Chocolate Granulado"
        ],
        "preparo": "Junte o leite condensado, chocolate em pó e manteiga. Aqueça no fogo baixo. Envolva os morangos e passe no granulado.",
        "imagem": "./imagens/coxinha-de-brigadeiro-com-morango.jpg",
        "alt": "Imagem de uma coxinha de brigadeiro pela metade com um morango dentro."
    }   
]
